,STATE,Year,CO2,CH4,N2O,Fluorinated GHG,Incentives,Laws and Regulations,State Incentives,Utility/Private Incentives,Programs,State Hybrid Incentives
0,AL,2012,84138381,701702,602778,264437,0.0,3.0,7.0,4.0,0.0,0.0
1,AL,2013,83297945,594388,451420,274194,0.0,3.0,7.0,4.0,0.0,0.0
2,AL,2014,84847355,634009,525399,312201,0.0,3.0,7.0,4.0,0.0,0.0
3,AL,2015,82143007,611595,462661,263031,0.0,3.0,7.0,3.0,0.0,0.0
4,AL,2016,75103394,550119,528136,302584,0.0,3.0,6.0,2.0,0.0,0.0
5,AL,2017,70270491,588407,435502,421790,0.0,2.0,6.0,1.0,0.0,0.0
6,AL,2018,72554349,523364,347670,466297,0.0,3.0,6.0,1.0,0.0,0.0
7,AK,2012,16965771,266399,16286,/,0.0,6.0,1.0,0.0,0.0,0.0
8,AK,2013,16570359,240326,15666,/,0.0,6.0,1.0,0.0,0.0,0.0
9,AK,2014,16046278,226396,15204,/,0.0,4.0,1.0,0.0,0.0,0.0
10,AK,2015,16463951,195945,15831,/,0.0,4.0,1.0,0.0,0.0,0.0
11,AK,2016,12975340,158070,12957,/,0.0,4.0,1.0,0.0,0.0,0.0
12,AK,2017,13125628,152170,13108,/,0.0,4.0,1.0,0.0,0.0,0.0
13,AK,2018,12681885,154218,13279,/,0.0,4.0,1.0,0.0,0.0,0.0
14,AZ,2012,56327014,242637,600520,/,0.0,14.0,8.0,8.0,0.0,0.0
15,AZ,2013,58689116,262764,609807,/,0.0,14.0,9.0,7.0,0.0,0.0
16,AZ,2014,58028639,275960,643834,/,0.0,14.0,8.0,7.0,0.0,0.0
17,AZ,2015,54998713,284668,612387,/,0.0,14.0,8.0,6.0,0.0,0.0
18,AZ,2016,49354520,220458,522772,/,0.0,13.0,9.0,6.0,0.0,0.0
19,AZ,2017,48991573,232314,392159,/,0.0,13.0,8.0,6.0,0.0,0.0
20,AZ,2018,52318221,178678,711814,/,0.0,13.0,8.0,6.0,0.0,0.0
21,AR,2012,42028598,400720,911315,57764,0.0,10.0,3.0,1.0,0.0,0.0
22,AR,2013,42696466,360102,545819,61106,0.0,10.0,5.0,1.0,0.0,0.0
23,AR,2014,42403787,311953,797326,59627,0.0,9.0,4.0,1.0,0.0,0.0
24,AR,2015,33428083,225930,606758,69860,0.0,9.0,3.0,1.0,0.0,0.0
25,AR,2016,35107458,222074,172057,61800,0.0,7.0,2.0,1.0,0.0,0.0
26,AR,2017,36933474,201795,420691,70134,0.0,8.0,2.0,1.0,0.0,0.0
27,AR,2018,42831669,237709,473010,86519,0.0,8.0,2.0,1.0,0.0,0.0
28,CA,2012,98942946,1978857,171905,/,0.0,33.0,35.0,40.0,0.0,0.0
29,CA,2013,99544646,1908932,167889,/,0.0,38.0,35.0,39.0,0.0,0.0
30,CA,2014,101318500,1909938,131883,/,0.0,43.0,36.0,39.0,0.0,0.0
31,CA,2015,98115500,1943230,131883,/,0.0,45.0,38.0,38.0,0.0,0.0
32,CA,2016,84968517,1882411,107285,/,0.0,47.0,37.0,37.0,0.0,0.0
33,CA,2017,80834357,1880144,95496,/,0.0,52.0,38.0,41.0,0.0,0.0
34,CA,2018,82223603,1871614,96017,/,0.0,57.0,36.0,39.0,0.0,0.0
35,CO,2012,48356965,673170,190613,/,0.0,11.0,15.0,4.0,0.0,0.0
36,CO,2013,48047597,578572,187682,/,0.0,14.0,16.0,4.0,0.0,0.0
37,CO,2014,47508140,536069,182885,/,0.0,14.0,17.0,3.0,0.0,0.0
38,CO,2015,46894374,586289,180444,/,0.0,18.0,16.0,3.0,0.0,0.0
39,CO,2016,43745322,427044,168539,/,0.0,18.0,18.0,3.0,0.0,0.0
40,CO,2017,42867733,403204,164731,/,0.0,19.0,17.0,3.0,0.0,0.0
41,CO,2018,41841263,333773,148311,/,0.0,21.0,16.0,3.0,0.0,0.0
42,CT,2012,7443240,271298,7556,/,0.0,11.0,8.0,2.0,0.0,0.0
43,CT,2013,7459233,259222,7611,/,0.0,10.0,9.0,2.0,0.0,0.0
44,CT,2014,7351150,241192,8429,/,0.0,11.0,9.0,2.0,0.0,0.0
45,CT,2015,8141859,246803,8172,/,0.0,11.0,9.0,2.0,0.0,0.0
46,CT,2016,7648905,238334,5390,/,0.0,17.0,8.0,2.0,0.0,0.0
47,CT,2017,6882638,233869,5143,/,0.0,17.0,8.0,2.0,0.0,0.0
48,CT,2018,8810510,237234,6937,/,0.0,17.0,8.0,2.0,0.0,0.0
49,DE,2012,8868023,315393,19296,/,0.0,4.0,9.0,5.0,0.0,0.0
50,DE,2013,7932200,320105,16742,/,0.0,4.0,9.0,5.0,0.0,0.0
51,DE,2014,7798501,374321,13222,/,0.0,3.0,9.0,5.0,0.0,0.0
52,DE,2015,7547438,502657,13336,/,0.0,3.0,9.0,4.0,0.0,0.0
53,DE,2016,7832062,496746,14045,/,0.0,3.0,8.0,4.0,0.0,0.0
54,DE,2017,6560049,488161,10194,/,0.0,3.0,7.0,4.0,0.0,0.0
55,DE,2018,6578229,439430,11025,/,0.0,3.0,7.0,3.0,0.0,0.0
56,,2012,280237,159,200,/,,,,,,
57,,2013,263970,128,147,/,,,,,,
58,,2014,287478,157,220,/,,,,,,
59,,2015,245473,138,190,/,,,,,,
60,,2016,238593,124,165,/,,,,,,
61,,2017,240768,122,151,/,,,,,,
62,,2018,271881,147,208,/,,,,,,
63,FL,2012,120645361,6901194,5739976,/,0.0,15.0,7.0,9.0,0.0,0.0
64,FL,2013,118084663,6606354,4501029,/,0.0,15.0,8.0,9.0,0.0,0.0
65,FL,2014,123269319,6671539,4994554,/,0.0,14.0,8.0,9.0,0.0,0.0
66,FL,2015,122278676,6564558,4080300,/,0.0,14.0,8.0,9.0,0.0,0.0
67,FL,2016,119934078,6872800,7524030,/,0.0,14.0,7.0,7.0,0.0,0.0
68,FL,2017,117113291,7406817,7748239,/,0.0,14.0,7.0,7.0,0.0,0.0
69,FL,2018,114676444,7754614,10807191,/,0.0,15.0,7.0,6.0,0.0,0.0
70,GA,2012,68712277,5475353,974012,/,0.0,6.0,9.0,5.0,0.0,0.0
71,GA,2013,66860223,5792625,943831,/,0.0,6.0,9.0,4.0,0.0,0.0
72,GA,2014,72214155,5910259,891464,/,0.0,5.0,10.0,4.0,0.0,0.0
73,GA,2015,67822919,5762788,806210,/,0.0,6.0,7.0,4.0,0.0,0.0
74,GA,2016,68832714,5629746,955746,/,0.0,6.0,7.0,3.0,0.0,0.0
75,GA,2017,62295847,5561195,835107,/,0.0,6.0,6.0,3.0,0.0,0.0
76,GA,2018,62615237,6035282,646851,/,0.0,6.0,5.0,3.0,0.0,0.0
77,HI,2012,9002385,449058,34707,/,0.0,16.0,3.0,3.0,0.0,0.0
78,HI,2013,8433448,402093,36760,/,0.0,16.0,3.0,3.0,0.0,0.0
79,HI,2014,8618319,389865,34955,/,0.0,15.0,3.0,3.0,0.0,0.0
80,HI,2015,8476439,389086,34235,/,0.0,15.0,3.0,3.0,0.0,0.0
81,HI,2016,8307413,328296,34096,/,0.0,15.0,3.0,3.0,0.0,0.0
82,HI,2017,7831066,329809,29164,/,0.0,15.0,3.0,3.0,0.0,0.0
83,HI,2018,7853288,356888,31101,/,0.0,14.0,3.0,3.0,0.0,0.0
84,ID,2012,3224664,439437,28062,52716,0.0,6.0,4.0,2.0,0.0,0.0
85,ID,2013,4121630,595299,13106,41443,0.0,6.0,5.0,2.0,0.0,0.0
86,ID,2014,3598793,568566,11635,38633,0.0,6.0,5.0,2.0,0.0,0.0
87,ID,2015,4189643,657680,11526,53311,0.0,8.0,5.0,2.0,0.0,0.0
88,ID,2016,3905882,613376,10402,67836,0.0,8.0,5.0,2.0,0.0,0.0
89,ID,2017,3790158,595248,9578,45753,0.0,9.0,5.0,2.0,0.0,0.0
90,ID,2018,3762251,563705,9705,50669,0.0,8.0,5.0,2.0,0.0,0.0
91,IL,2012,120217587,7788190,666095,1766538,0.0,20.0,18.0,3.0,0.0,0.0
92,IL,2013,122960612,8092836,654057,2479664,0.0,22.0,18.0,2.0,0.0,0.0
93,IL,2014,121941962,7980578,529376,1465387,0.0,19.0,19.0,2.0,0.0,0.0
94,IL,2015,109192848,9270514,481262,1092957,0.0,19.0,19.0,2.0,0.0,0.0
95,IL,2016,96390512,9130575,407616,868370,0.0,19.0,17.0,2.0,0.0,0.0
96,IL,2017,93157350,7332914,392019,946365,0.0,20.0,13.0,1.0,0.0,0.0
97,IL,2018,97792906,6476368,506608,935118,0.0,18.0,12.0,1.0,0.0,0.0
98,,2012,148643197,6469836,651622,200140,,,,,,
99,,2013,149530450,6500050,508009,203444,,,,,,
100,,2014,153565562,6450999,523286,303211,,,,,,
101,,2015,135228766,6595353,435616,289834,,,,,,
102,,2016,132281876,5929805,409760,253087,,,,,,
103,,2017,131660934,5848882,396793,180607,,,,,,
104,,2018,139107023,6020561,422149,281807,,,,,,
105,IA,2012,53709131,1766165,1171230,/,0.0,10.0,10.0,6.0,0.0,0.0
106,IA,2013,51815222,1626488,1008033,/,0.0,10.0,9.0,6.0,0.0,0.0
107,IA,2014,52419737,1520037,1034984,/,0.0,10.0,8.0,6.0,0.0,0.0
108,IA,2015,47855064,1566947,929735,/,0.0,10.0,8.0,6.0,0.0,0.0
109,IA,2016,43738098,1577633,913086,/,0.0,10.0,8.0,7.0,0.0,0.0
110,IA,2017,47829366,1698806,867947,/,0.0,10.0,9.0,7.0,0.0,0.0
111,IA,2018,52996224,1695519,911299,/,0.0,11.0,8.0,7.0,0.0,0.0
112,KS,2012,42097928,2642766,430732,/,0.0,7.0,9.0,2.0,0.0,0.0
113,KS,2013,43240294,2486994,738229,/,0.0,7.0,9.0,2.0,0.0,0.0
114,KS,2014,42493127,2525914,780152,/,0.0,7.0,9.0,2.0,0.0,0.0
115,KS,2015,38392580,2050084,676600,/,0.0,7.0,9.0,2.0,0.0,0.0
116,KS,2016,36813550,1854976,844480,/,0.0,7.0,8.0,2.0,0.0,0.0
117,KS,2017,33081451,1562528,849907,/,0.0,7.0,8.0,2.0,0.0,0.0
118,KS,2018,34535262,1807754,837423,/,0.0,7.0,7.0,2.0,0.0,0.0
119,KY,2012,98873952,4503727,527961,7121559,0.0,7.0,8.0,0.0,0.0,0.0
120,KY,2013,97644549,4133816,505876,7686202,0.0,10.0,7.0,0.0,0.0,0.0
121,KY,2014,98031780,4632601,457360,7387400,0.0,11.0,6.0,0.0,0.0,0.0
122,KY,2015,89054690,4307180,411408,5947142,0.0,9.0,6.0,0.0,0.0,0.0
123,KY,2016,82977455,3761758,374323,4249193,0.0,7.0,6.0,0.0,0.0,0.0
124,KY,2017,73491073,3598292,320824,6472816,0.0,6.0,6.0,0.0,0.0,0.0
125,KY,2018,77458006,3711271,330434,4689015,0.0,6.0,8.0,0.0,0.0,0.0
126,LA,2012,129722804,5487530,2397855,3131129,0.0,14.0,6.0,3.0,0.0,0.0
127,LA,2013,128131425,5463144,2532078,883796,0.0,12.0,6.0,3.0,0.0,0.0
128,LA,2014,128757921,5601166,2318439,776088,0.0,12.0,5.0,3.0,0.0,0.0
129,LA,2015,128910401,5340578,3124836,738352,0.0,12.0,3.0,3.0,0.0,0.0
130,LA,2016,130607503,5431698,2093524,417851,0.0,11.0,4.0,3.0,0.0,0.0
131,LA,2017,132799235,5447852,1560107,458580,0.0,8.0,4.0,3.0,0.0,0.0
132,LA,2018,136071325,6293949,1851399,568499,0.0,8.0,4.0,3.0,0.0,0.0
133,MA,2012,14983432,1196537,59724,97554,0.0,9.0,7.0,7.0,0.0,0.0
134,MA,2013,15563630,1083970,69454,83111,0.0,10.0,7.0,7.0,0.0,0.0
135,MA,2014,13813711,1009696,65657,108905,0.0,11.0,10.0,7.0,0.0,0.0
136,MA,2015,14238573,1002330,60277,66553,0.0,11.0,10.0,7.0,0.0,0.0
137,MA,2016,13527154,949983,57353,60075,0.0,13.0,10.0,6.0,0.0,0.0
138,MA,2017,12969337,902078,52995,64896,0.0,17.0,9.0,6.0,0.0,0.0
139,MA,2018,10663341,877780,46859,62332,0.0,16.0,9.0,6.0,0.0,0.0
140,ME,2012,4482531,442262,121773,143131,0.0,10.0,6.0,1.0,0.0,0.0
141,ME,2013,4032788,337144,62118,138186,0.0,11.0,6.0,1.0,0.0,0.0
142,ME,2014,4194246,338081,56715,137558,0.0,11.0,6.0,0.0,0.0,0.0
143,ME,2015,3585481,305008,42486,146032,0.0,12.0,6.0,0.0,0.0,0.0
144,ME,2016,3232391,280196,38312,134254,0.0,11.0,5.0,0.0,0.0,0.0
145,ME,2017,2630824,267126,39733,134250,0.0,11.0,5.0,0.0,0.0,0.0
146,ME,2018,2765664,257792,39141,128655,0.0,12.0,5.0,0.0,0.0,0.0
147,MD,2012,23601775,1402719,121815,/,0.0,11.0,13.0,12.0,0.0,0.0
148,MD,2013,21784139,1330646,109912,/,0.0,12.0,11.0,11.0,0.0,0.0
149,MD,2014,24082911,1443827,119116,/,0.0,12.0,12.0,11.0,0.0,0.0
150,MD,2015,21436216,1249281,98529,/,0.0,13.0,11.0,10.0,0.0,0.0
151,MD,2016,21310961,1282338,99831,/,0.0,13.0,9.0,10.0,0.0,0.0
152,MD,2017,16451006,1317295,72071,/,0.0,12.0,8.0,10.0,0.0,0.0
153,MD,2018,21167143,1264167,80066,/,0.0,12.0,8.0,9.0,0.0,0.0
154,MI,2012,86702561,5336041,366613,139646,0.0,3.0,4.0,10.0,0.0,0.0
155,MI,2013,86550707,5586197,353749,45773,0.0,3.0,4.0,8.0,0.0,0.0
156,MI,2014,82699993,5421273,330008,74147,0.0,3.0,4.0,8.0,0.0,0.0
157,MI,2015,84479047,5574449,332773,68719,0.0,6.0,4.0,8.0,0.0,0.0
158,MI,2016,78025779,5053373,271911,44004,0.0,6.0,4.0,8.0,0.0,0.0
159,MI,2017,77149826,5059254,259647,77812,0.0,5.0,5.0,8.0,0.0,0.0
160,MI,2018,80126355,5066172,279857,30342,0.0,5.0,5.0,8.0,0.0,0.0
161,MS,2012,32885297,2264700,1519285,/,0.0,10.0,2.0,2.0,0.0,0.0
162,MS,2013,32335211,2238509,1334771,/,0.0,10.0,3.0,1.0,0.0,0.0
163,MS,2014,34415847,2202670,1200217,/,0.0,9.0,3.0,1.0,0.0,0.0
164,MS,2015,35332765,2140828,1443999,/,0.0,9.0,2.0,1.0,0.0,0.0
165,MS,2016,36295814,2181377,1432988,/,0.0,8.0,2.0,1.0,0.0,0.0
166,MS,2017,34324395,2271937,1589113,/,0.0,8.0,2.0,1.0,0.0,0.0
167,MS,2018,36716338,2386394,1236904,/,0.0,9.0,2.0,1.0,0.0,0.0
168,MO,2012,86003625,1839248,758133,296442,0.0,7.0,6.0,1.0,0.0,0.0
169,MO,2013,87289690,1676023,739760,298193,0.0,7.0,5.0,1.0,0.0,0.0
170,MO,2014,84354810,1662850,824138,326229,0.0,9.0,6.0,1.0,0.0,0.0
171,MO,2015,77714158,1640909,887448,427188,0.0,9.0,6.0,1.0,0.0,0.0
172,MO,2016,72888768,1641938,794518,58260,0.0,10.0,4.0,1.0,0.0,0.0
173,MO,2017,79109488,1656937,730627,5212,0.0,10.0,6.0,0.0,0.0,0.0
174,MO,2018,76718134,1646436,580773,185827,0.0,10.0,6.0,0.0,0.0,0.0
175,MT,2012,20641088,456949,87893,/,0.0,9.0,9.0,0.0,0.0,0.0
176,MT,2013,21439769,367015,91817,/,0.0,7.0,9.0,0.0,0.0,0.0
177,MT,2014,22054585,406595,96523,/,0.0,7.0,9.0,0.0,0.0,0.0
178,MT,2015,22596264,453092,97662,/,0.0,8.0,9.0,0.0,0.0,0.0
179,MT,2016,20661798,356115,89273,/,0.0,8.0,9.0,0.0,0.0,0.0
180,MT,2017,19707625,314809,84666,/,0.0,9.0,9.0,0.0,0.0,0.0
181,MT,2018,19396913,344335,82483,/,0.0,8.0,9.0,0.0,0.0,0.0
182,MT,2012,20641088,456949,87893,,0.0,9.0,9.0,0.0,0.0,0.0
183,MT,2013,21439769,367015,91817,,0.0,7.0,9.0,0.0,0.0,0.0
184,MT,2014,22054585,406595,96523,,0.0,7.0,9.0,0.0,0.0,0.0
185,MT,2015,22596264,453092,97662,,0.0,8.0,9.0,0.0,0.0,0.0
186,MT,2016,20661798,356115,89273,,0.0,8.0,9.0,0.0,0.0,0.0
187,MT,2017,19707625,314809,84666,,0.0,9.0,9.0,0.0,0.0,0.0
188,MT,2018,19396913,344335,82483,,0.0,8.0,9.0,0.0,0.0,0.0
189,NE,2012,31018718,1114917,134984,,0.0,7.0,9.0,4.0,0.0,0.0
190,NE,2013,32528945,1277553,144247,,0.0,6.0,8.0,4.0,0.0,0.0
191,NE,2014,31062917,1158105,135190,,0.0,5.0,8.0,4.0,0.0,0.0
192,NE,2015,29908153,1294279,130436,,0.0,5.0,11.0,4.0,0.0,0.0
193,NE,2016,27619285,1199519,117471,,0.0,5.0,10.0,4.0,0.0,0.0
194,NE,2017,27892764,1108669,116528,,0.0,4.0,11.0,4.0,0.0,0.0
195,NE,2018,30233758,1234688,125940,,0.0,4.0,12.0,4.0,0.0,0.0
196,NV,2012,17826454,496772,32111,,0.0,10.0,3.0,2.0,0.0,0.0
197,NV,2013,18775510,463918,37835,,0.0,11.0,3.0,2.0,0.0,0.0
198,NV,2014,19236492,538342,43309,,0.0,12.0,3.0,2.0,0.0,0.0
199,NV,2015,17760630,471791,25524,,0.0,11.0,3.0,2.0,0.0,0.0
200,NV,2016,17054984,499520,22532,,0.0,10.0,3.0,2.0,0.0,0.0
201,NV,2017,15939566,366031,20297,,0.0,13.0,3.0,2.0,0.0,0.0
202,NV,2018,16649311,432306,23034,,0.0,12.0,2.0,2.0,0.0,0.0
203,NH,2012,4505405,284394,21371,,0.0,11.0,4.0,3.0,0.0,0.0
204,NH,2013,3607972,307094,21202,,0.0,12.0,3.0,3.0,0.0,0.0
205,NH,2014,3502545,276135,17655,,0.0,13.0,3.0,3.0,0.0,0.0
206,NH,2015,3719015,284444,15802,,0.0,12.0,3.0,3.0,0.0,0.0
207,NH,2016,2589861,297830,11081,,0.0,12.0,3.0,3.0,0.0,0.0
208,NH,2017,2066720,316978,10193,,0.0,12.0,2.0,3.0,0.0,0.0
209,NH,2018,2365246,346858,11679,,0.0,19.0,2.0,3.0,0.0,0.0
210,NJ,2012,21814712,2652019,60020,839587,0.0,13.0,9.0,5.0,0.0,0.0
211,NJ,2013,20982998,2583661,57899,980614,0.0,14.0,9.0,4.0,0.0,0.0
212,NJ,2014,23815406,2506996,63543,732603,0.0,14.0,9.0,3.0,0.0,0.0
213,NJ,2015,24981706,2459576,60197,632763,0.0,15.0,9.0,3.0,0.0,0.0
214,NJ,2016,26700463,2292652,59419,35575,0.0,14.0,9.0,3.0,0.0,0.0
215,NJ,2017,23613618,2112771,56798,79242,0.0,14.0,9.0,3.0,0.0,0.0
216,NJ,2018,23525530,1951383,54942,40939,0.0,15.0,10.0,2.0,0.0,0.0
217,NM,2012,37529212,425206,156159,155136,0.0,10.0,10.0,0.0,0.0,0.0
218,NM,2013,37890759,382803,148671,97960,0.0,10.0,9.0,0.0,0.0,0.0
219,NM,2014,34003709,331084,131842,108686,0.0,8.0,10.0,0.0,0.0,0.0
220,NM,2015,33763121,406460,129307,90305,0.0,8.0,11.0,0.0,0.0,0.0
221,NM,2016,29642726,320696,110361,44421,0.0,8.0,11.0,0.0,0.0,0.0
222,NM,2017,29187918,294671,115072,37886,0.0,8.0,11.0,0.0,0.0,0.0
223,NM,2018,26092754,345325,88219,36895,0.0,7.0,11.0,0.0,0.0,0.0
224,NY,2012,37142402,1587567,67802,-,0.0,11.0,19.0,11.0,0.0,0.0
225,NY,2013,35461423,1501297,66313,-,0.0,13.0,18.0,9.0,0.0,0.0
226,NY,2014,36008485,1515629,137351,-,0.0,12.0,18.0,9.0,0.0,0.0
227,NY,2015,35213386,1459690,55394,-,0.0,13.0,15.0,9.0,0.0,0.0
228,NY,2016,32511695,1362805,48874,-,0.0,13.0,15.0,9.0,0.0,0.0
229,NY,2017,27033104,1351052,41362,-,0.0,14.0,15.0,9.0,0.0,0.0
230,NY,2018,29836819,1267307,42640,-,0.0,15.0,14.0,9.0,0.0,0.0
231,NC,2012,59757499,435931,374837,-,0.0,12.0,17.0,6.0,0.0,0.0
232,NC,2013,58214745,351815,270236,-,0.0,13.0,17.0,3.0,0.0,0.0
233,NC,2014,60095259,371892,280295,-,0.0,14.0,12.0,3.0,0.0,0.0
234,NC,2015,55864303,339930,239811,-,0.0,14.0,12.0,3.0,0.0,0.0
235,NC,2016,55212348,337740,230756,-,0.0,13.0,11.0,3.0,0.0,0.0
236,NC,2017,50936585,319458,216204,-,0.0,13.0,11.0,3.0,0.0,0.0
237,NC,2018,52056727,310039,205281,-,0.0,16.0,11.0,3.0,0.0,0.0
238,ND,2012,36414357,174008,158737,-,0.0,7.0,12.0,0.0,0.0,0.0
239,ND,2013,35334547,213456,151714,-,0.0,6.0,10.0,0.0,0.0,0.0
240,ND,2014,34796533,144686,152622,-,0.0,6.0,9.0,0.0,0.0,0.0
241,ND,2015,37533586,188692,156554,-,0.0,6.0,9.0,0.0,0.0,0.0
242,ND,2016,36983202,159920,149731,-,0.0,6.0,9.0,0.0,0.0,0.0
243,ND,2017,36772887,299098,148798,-,0.0,6.0,9.0,0.0,0.0,0.0
244,ND,2018,39041450,169023,153786,-,0.0,6.0,8.0,0.0,0.0,0.0
245,OH,2012,108808862,1227811,841533,-,0.0,4.0,6.0,4.0,0.0,0.0
246,OH,2013,113331166,1198949,850087,-,0.0,5.0,6.0,4.0,0.0,0.0
247,OH,2014,111883495,1299228,898645,-,0.0,5.0,6.0,4.0,0.0,0.0
248,OH,2015,97336368,1054992,617872,-,0.0,5.0,5.0,4.0,0.0,0.0
249,OH,2016,93873298,987543,668018,-,0.0,5.0,7.0,4.0,0.0,0.0
250,OH,2017,94212502,991191,666335,-,0.0,4.0,6.0,4.0,0.0,0.0
251,OH,2018,90884528,924515,643921,-,0.0,4.0,6.0,4.0,0.0,0.0
252,OK,2012,65777100,711635,1711635,,0.0,9.0,12.0,4.0,0.0,0.0
253,OK,2013,63332586,1037873,1792028,,0.0,11.0,15.0,4.0,0.0,0.0
254,OK,2014,61707675,851278,1931443,,0.0,11.0,11.0,4.0,0.0,0.0
255,OK,2015,58746925,777622,2007579,,0.0,13.0,11.0,4.0,0.0,0.0
256,OK,2016,54332966,776781,1844096,,0.0,15.0,11.0,4.0,0.0,0.0
257,OK,2017,49255301,761427,2155494,,0.0,14.0,11.0,3.0,0.0,0.0
258,OK,2018,52124663,806791,2146966,,0.0,13.0,10.0,3.0,0.0,0.0
259,OR,2012,8825709,108590,58950,,0.0,13.0,10.0,7.0,0.0,0.0
260,OR,2013,11063257,94276,35053,,0.0,16.0,10.0,7.0,0.0,0.0
261,OR,2014,10040937,90292,31354,,0.0,16.0,9.0,6.0,0.0,0.0
262,OR,2015,10641403,82552,23947,,0.0,15.0,8.0,5.0,0.0,0.0
263,OR,2016,9811265,77894,17868,,0.0,16.0,8.0,5.0,0.0,0.0
264,OR,2017,9730527,117317,17501,,0.0,24.0,9.0,5.0,0.0,0.0
265,OR,2018,10574390,80124,17235,,0.0,24.0,6.0,5.0,0.0,0.0
266,PA,2012,121277456,1654045,514169,407457,0.0,8.0,15.0,7.0,0.0,0.0
267,PA,2013,121724156,1655928,490437,294599,0.0,7.0,15.0,7.0,0.0,0.0
268,PA,2014,115420548,1676873,455459,277990,0.0,8.0,14.0,6.0,0.0,0.0
269,PA,2015,106500320,1588828,377547,308212,0.0,8.0,14.0,6.0,0.0,0.0
270,PA,2016,98685459,1504289,324819,274594,0.0,8.0,12.0,6.0,0.0,0.0
271,PA,2017,93276708,1463941,292633,453565,0.0,7.0,11.0,6.0,0.0,0.0
272,PA,2018,90824865,1420164,276728,170441,0.0,7.0,11.0,6.0,0.0,0.0
273,RI,2012,3427525,180508,1891,,0.0,9.0,3.0,1.0,0.0,0.0
274,RI,2013,2554179,174142,1484,,0.0,10.0,3.0,1.0,0.0,0.0
275,RI,2014,2555622,169250,1485,,0.0,13.0,3.0,1.0,0.0,0.0
276,RI,2015,2829518,163071,1660,,0.0,14.0,4.0,1.0,0.0,0.0
277,RI,2016,2601338,155431,1461,,0.0,12.0,5.0,1.0,0.0,0.0
278,RI,2017,2966472,153355,1693,,0.0,14.0,5.0,1.0,0.0,0.0
279,RI,2018,3258328,147446,1890,,0.0,14.0,5.0,1.0,0.0,0.0
280,SC,2012,38351150,223743,297182,,0.0,9.0,12.0,2.0,0.0,0.0
281,SC,2013,32952572,139528,172875,,0.0,9.0,10.0,0.0,0.0,0.0
282,SC,2014,37146631,157362,197086,,0.0,11.0,11.0,0.0,0.0,0.0
283,SC,2015,34246335,137345,172357,,0.0,10.0,11.0,0.0,0.0,0.0
284,SC,2016,32740994,137979,161003,,0.0,10.0,11.0,0.0,0.0,0.0
285,SC,2017,29349588,121817,142390,,0.0,10.0,10.0,0.0,0.0,0.0
286,SC,2018,33186542,124580,149179,,0.0,10.0,10.0,0.0,0.0,0.0
287,SD,2012,4011527,9709,17381,,0.0,11.0,6.0,0.0,0.0,0.0
288,SD,2013,4120759,9882,17064,,0.0,9.0,6.0,0.0,0.0,0.0
289,SD,2014,3973438,9359,16160,,0.0,8.0,6.0,0.0,0.0,0.0
290,SD,2015,2887027,5743,9870,,0.0,8.0,6.0,0.0,0.0,0.0
291,SD,2016,3584618,7949,13678,,0.0,8.0,6.0,0.0,0.0,0.0
292,SD,2017,3510990,7623,13681,,0.0,7.0,6.0,0.0,0.0,0.0
293,SD,2018,3814483,8401,14443,,0.0,7.0,6.0,0.0,0.0,0.0
294,TN,2012,47676941,378181,267153,,0.0,13.0,8.0,3.0,0.0,0.0
295,TN,2013,44278692,367638,219159,,0.0,13.0,9.0,3.0,0.0,0.0
296,TN,2014,46922528,397387,232696,,0.0,13.0,8.0,2.0,0.0,0.0
297,TN,2015,42745111,380573,204303,,0.0,14.0,8.0,2.0,0.0,0.0
298,TN,2016,44506290,440109,211198,,0.0,12.0,8.0,1.0,0.0,0.0
299,TN,2017,41691637,296353,191981,,0.0,13.0,7.0,1.0,0.0,0.0
300,TN,2018,35850746,239824,155595,,0.0,13.0,8.0,1.0,0.0,0.0
301,TX,2012,368923156,4661489,2638464,29501,0.0,11.0,15.0,11.0,0.0,0.0
302,TX,2013,382325465,4296603,2476208,26263,0.0,13.0,14.0,10.0,0.0,0.0
303,TX,2014,382047256,4543218,3646756,13611,0.0,13.0,14.0,13.0,0.0,0.0
304,TX,2015,371615241,4029956,3135715,10538,0.0,13.0,10.0,10.0,0.0,0.0
305,TX,2016,361882662,4527455,2362572,13776,0.0,12.0,9.0,10.0,0.0,0.0
306,TX,2017,365430543,3877930,2254594,10524,0.0,13.0,11.0,10.0,0.0,0.0
307,TX,2018,364771258,3863422,2062643,11048,0.0,13.0,10.0,10.0,0.0,0.0
308,UT,2012,36532737,468041,235496,,0.0,12.0,5.0,4.0,0.0,0.0
309,UT,2013,40024697,246932,250342,,0.0,12.0,5.0,4.0,0.0,0.0
310,UT,2014,39846411,246881,258140,,0.0,14.0,5.0,4.0,0.0,0.0
311,UT,2015,38444136,221702,222746,,0.0,15.0,7.0,4.0,0.0,0.0
312,UT,2016,32625912,210917,178204,,0.0,19.0,7.0,4.0,0.0,0.0
313,UT,2017,32547152,204635,141149,,0.0,21.0,8.0,4.0,0.0,0.0
314,UT,2018,33600025,208819,140453,,0.0,22.0,8.0,4.0,0.0,0.0
315,VT,2012,36510,5702,4668,,0.0,9.0,5.0,10.0,0.0,0.0
316,VT,2013,36050,61,124,,0.0,10.0,5.0,10.0,0.0,0.0
317,VT,2014,36312,2958,76,,0.0,10.0,5.0,10.0,0.0,0.0
318,VT,2015,39289,3684,76,,0.0,9.0,5.0,10.0,0.0,0.0
319,VT,2016,37718,3806,21,,0.0,9.0,5.0,9.0,0.0,0.0
320,VT,2017,36297,17,21,,0.0,9.0,5.0,10.0,0.0,0.0
321,VT,2018,37333,18,22,,0.0,11.0,4.0,10.0,0.0,0.0
322,VA,2012,31818558,437466,174043,,0.0,19.0,14.0,5.0,0.0,0.0
323,VA,2013,36883768,388972,156761,,0.0,20.0,14.0,4.0,0.0,0.0
324,VA,2014,36137665,374363,158498,,0.0,19.0,14.0,3.0,0.0,0.0
325,VA,2015,36823988,365497,145363,,0.0,18.0,12.0,3.0,0.0,0.0
326,VA,2016,39374011,424940,138959,,0.0,18.0,11.0,3.0,0.0,0.0
327,VA,2017,35016710,361724,101226,,0.0,18.0,11.0,2.0,0.0,0.0
328,VA,2018,36056866,336713,95428,,0.0,17.0,11.0,2.0,0.0,0.0
329,,2012,14829018,212026,273728,,,,,,,
330,,2013,20900934,191381,231808,,,,,,,
331,,2014,20505107,169479,209416,,,,,,,
332,,2015,19517277,149557,218530,,,,,,,
333,,2016,18577850,165270,210717,,,,,,,
334,,2017,18947235,208060,206188,,,,,,,
335,,2018,18914420,166547,180710,,,,,,,
336,WV,2012,69701838,538585,342031,682861,0.0,8.0,4.0,1.0,0.0,0.0
337,WV,2013,71488664,519411,348404,542938,0.0,7.0,5.0,1.0,0.0,0.0
338,WV,2014,76764371,532276,360053,531642,0.0,7.0,5.0,1.0,0.0,0.0
339,WV,2015,69764714,496408,333674,565509,0.0,8.0,5.0,1.0,0.0,0.0
340,WV,2016,72473502,464759,349428,562563,0.0,8.0,5.0,1.0,0.0,0.0
341,WV,2017,69750990,445275,335471,243451,0.0,9.0,5.0,1.0,0.0,0.0
342,WV,2018,63876271,442987,306650,580160,0.0,8.0,3.0,1.0,0.0,0.0
343,WI,2012,45751387,230654,244308,,0.0,12.0,11.0,11.0,0.0,0.0
344,WI,2013,51865201,181648,257394,,0.0,11.0,11.0,11.0,0.0,0.0
345,WI,2014,48386188,213334,240457,,0.0,11.0,10.0,11.0,0.0,0.0
346,WI,2015,50010112,184043,234648,,0.0,11.0,10.0,11.0,0.0,0.0
347,WI,2016,46462015,188750,208953,,0.0,11.0,10.0,12.0,0.0,0.0
348,WI,2017,48623201,199869,222482,,0.0,13.0,9.0,12.0,0.0,0.0
349,WI,2018,46635639,205928,206153,,0.0,13.0,9.0,12.0,0.0,0.0
350,WY,2012,65830664,450255,344188,,0.0,5.0,2.0,1.0,0.0,0.0
351,WY,2013,66049233,414683,437468,,0.0,7.0,3.0,1.0,0.0,0.0
352,WY,2014,61484914,351584,382337,,0.0,6.0,3.0,1.0,0.0,0.0
353,WY,2015,61879591,285047,387196,,0.0,9.0,4.0,3.0,0.0,0.0
354,WY,2016,56589383,321505,289313,,0.0,8.0,4.0,3.0,0.0,0.0
355,WY,2017,59290945,297810,316709,,0.0,8.0,4.0,3.0,0.0,0.0
356,WY,2018,58332655,279305,254893,,0.0,7.0,3.0,3.0,0.0,0.0
