State Name,Year,Ozone Concentration (Annually Average)
Alabama,1993,0.044334333
Alabama,1994,0.041827981
Alabama,1995,0.046974754
Alabama,1996,0.046716842
Alabama,1997,0.047055353
Alabama,1998,0.051144444
Alabama,1999,0.052340137
Alabama,2000,0.052053857
Alabama,2001,0.046015159
Alabama,2002,0.045225026
Alabama,2003,0.044216548
Alabama,2004,0.043881644
Alabama,2005,0.045938607
Alabama,2006,0.049664143
Alabama,2007,0.050031289
Alabama,2008,0.044382627
Alabama,2009,0.038738808
Alabama,2010,0.04653958
Alabama,2011,0.045300373
Alabama,2012,0.044214889
Alabama,2013,0.039732884
Alabama,2014,0.040936493
Alabama,2015,0.039063391
Alabama,2016,0.042845087
Alabama,2017,0.039428029
Alabama,2018,0.040320924
Alabama,2019,0.041233212
Alabama,2020,0.032183667
Alaska,1993,0.031720667
Alaska,1994,0.031353667
Alaska,1995,0.029849333
Alaska,1996,0.032192333
Alaska,1997,0.033948
Alaska,1998,0.03412
Alaska,1999,0.033322333
Alaska,2000,0.026378333
Alaska,2001,0.033692667
Alaska,2002,0.034176333
Alaska,2003,0.036311
Alaska,2004,0.030363333
Alaska,2005,0.032781667
Alaska,2006,0.034358667
Alaska,2007,0.032976
Alaska,2008,0.031155667
Alaska,2009,0.034002
Alaska,2010,0.027904
Alaska,2011,0.025300333
Alaska,2012,0.029938083
Alaska,2013,0.029196
Alaska,2014,0.027239667
Alaska,2015,0.028776556
Alaska,2016,0.027497
Alaska,2017,0.027371222
Alaska,2018,0.025783222
Alaska,2019,0.029063833
Arizona,1993,0.043806768
Arizona,1994,0.046260737
Arizona,1995,0.046616825
Arizona,1996,0.049737391
Arizona,1997,0.048919535
Arizona,1998,0.050531365
Arizona,1999,0.051252737
Arizona,2000,0.050051313
Arizona,2001,0.049810059
Arizona,2002,0.05052159
Arizona,2003,0.050964163
Arizona,2004,0.047766175
Arizona,2005,0.049283948
Arizona,2006,0.049581333
Arizona,2007,0.04902921
Arizona,2008,0.050576095
Arizona,2009,0.048256611
Arizona,2010,0.049133801
Arizona,2011,0.05059203
Arizona,2012,0.050738593
Arizona,2013,0.049869906
Arizona,2014,0.04843279
Arizona,2015,0.047560753
Arizona,2016,0.047100493
Arizona,2017,0.048097641
Arizona,2018,0.047666724
Arizona,2019,0.047495052
Arizona,2020,0.035782914
Arkansas,1993,0.042040571
Arkansas,1994,0.043984857
Arkansas,1995,0.048157619
Arkansas,1996,0.043076238
Arkansas,1997,0.045368952
Arkansas,1998,0.047331238
Arkansas,1999,0.049065762
Arkansas,2000,0.046547143
Arkansas,2001,0.04691781
Arkansas,2002,0.043307917
Arkansas,2003,0.043826875
Arkansas,2004,0.040080074
Arkansas,2005,0.049545133
Arkansas,2006,0.044808481
Arkansas,2007,0.044121296
Arkansas,2008,0.041536333
Arkansas,2009,0.039587519
Arkansas,2010,0.043984633
Arkansas,2011,0.043298852
Arkansas,2012,0.046598148
Arkansas,2013,0.042231926
Arkansas,2014,0.039470222
Arkansas,2015,0.039326444
Arkansas,2016,0.04047475
Arkansas,2017,0.040460125
Arkansas,2018,0.039867958
Arkansas,2019,0.03977725
Arkansas,2020,0.035400905
California,1993,0.043500827
California,1994,0.044095071
California,1995,0.044648343
California,1996,0.044515804
California,1997,0.043053592
California,1998,0.0440295
California,1999,0.044425383
California,2000,0.042172616
California,2001,0.043090925
California,2002,0.044755726
California,2003,0.044332734
California,2004,0.043634261
California,2005,0.042087608
California,2006,0.044092119
California,2007,0.043456021
California,2008,0.04563526
California,2009,0.042866248
California,2010,0.043002949
California,2011,0.04331372
California,2012,0.044214102
California,2013,0.043125328
California,2014,0.044685066
California,2015,0.043944144
California,2016,0.043807644
California,2017,0.044673866
California,2018,0.04403239
California,2019,0.043166341
California,2020,0.037035481
Canada,1995,0.034957333
Canada,1996,0.040051333
Canada,1997,0.037499
Canada,1998,0.039192333
Canada,1999,0.036902667
Canada,2000,0.035592
Canada,2001,0.038852667
Canada,2002,0.033749333
Canada,2003,0.035990667
Canada,2004,0.036385333
Canada,2005,0.034802333
Colorado,1993,0.047915259
Colorado,1994,0.049211167
Colorado,1995,0.0460022
Colorado,1996,0.047923476
Colorado,1997,0.047295773
Colorado,1998,0.052269842
Colorado,1999,0.050040019
Colorado,2000,0.050102093
Colorado,2001,0.048396667
Colorado,2002,0.051703746
Colorado,2003,0.052821017
Colorado,2004,0.049441083
Colorado,2005,0.051601924
Colorado,2006,0.054772091
Colorado,2007,0.054354535
Colorado,2008,0.054883086
Colorado,2009,0.051195114
Colorado,2010,0.05254602
Colorado,2011,0.054652348
Colorado,2012,0.056173993
Colorado,2013,0.05417827
Colorado,2014,0.051474933
Colorado,2015,0.051100753
Colorado,2016,0.05020134
Colorado,2017,0.047394373
Colorado,2018,0.049235417
Colorado,2019,0.046386725
Colorado,2020,0.040913
Connecticut,1993,0.043914333
Connecticut,1994,0.046867513
Connecticut,1995,0.045443974
Connecticut,1996,0.046430714
Connecticut,1997,0.050374929
Connecticut,1998,0.051587692
Connecticut,1999,0.051009952
Connecticut,2000,0.046265795
Connecticut,2001,0.051874795
Connecticut,2002,0.052990505
Connecticut,2003,0.047632231
Connecticut,2004,0.044570769
Connecticut,2005,0.048895385
Connecticut,2006,0.046524462
Connecticut,2007,0.048104238
Connecticut,2008,0.046242744
Connecticut,2009,0.041314436
Connecticut,2010,0.047149846
Connecticut,2011,0.04456919
Connecticut,2012,0.047822333
Connecticut,2013,0.047166472
Connecticut,2014,0.045498972
Connecticut,2015,0.047098972
Connecticut,2016,0.047107183
Connecticut,2017,0.042827333
Connecticut,2018,0.042765278
Connecticut,2019,0.044346528
Country Of Mexico,1993,0.029069333
Country Of Mexico,1994,0.044684333
Country Of Mexico,1995,0.042785333
Country Of Mexico,1996,0.038119571
Country Of Mexico,1997,0.043765152
Country Of Mexico,1998,0.045307939
Country Of Mexico,1999,0.046162472
Country Of Mexico,2000,0.041048056
Country Of Mexico,2001,0.041709611
Country Of Mexico,2002,0.040079364
Country Of Mexico,2003,0.041777879
Country Of Mexico,2004,0.041565697
Country Of Mexico,2005,0.040214472
Country Of Mexico,2006,0.041215472
Country Of Mexico,2007,0.039316833
Country Of Mexico,2008,0.03971259
Country Of Mexico,2009,0.037728694
Country Of Mexico,2010,0.037575778
Country Of Mexico,2011,0.034583242
Country Of Mexico,2012,0.035073733
Country Of Mexico,2013,0.0288245
Country Of Mexico,2014,0.033631667
Country Of Mexico,2017,0.041614
Country Of Mexico,2018,0.041950667
Country Of Mexico,2019,0.045277667
Country Of Mexico,2020,0.039323333
Delaware,1993,0.050105
Delaware,1994,0.0501292
Delaware,1995,0.051055867
Delaware,1996,0.0478178
Delaware,1997,0.0505066
Delaware,1998,0.053472278
Delaware,1999,0.0514195
Delaware,2000,0.046387611
Delaware,2001,0.05023981
Delaware,2002,0.050010857
Delaware,2003,0.046584556
Delaware,2004,0.044972889
Delaware,2005,0.048320667
Delaware,2006,0.048538833
Delaware,2007,0.049168889
Delaware,2008,0.048241333
Delaware,2009,0.043635778
Delaware,2010,0.050167667
Delaware,2011,0.04557919
Delaware,2012,0.046632381
Delaware,2013,0.042863429
Delaware,2014,0.043433714
Delaware,2015,0.045130905
Delaware,2016,0.044544095
Delaware,2017,0.042460143
Delaware,2018,0.040938667
Delaware,2019,0.043614857
Delaware,2020,0.027636667
District Of Columbia,1993,0.045040778
District Of Columbia,1994,0.044609167
District Of Columbia,1995,0.045053417
District Of Columbia,1996,0.041620333
District Of Columbia,1997,0.048635667
District Of Columbia,1998,0.050881222
District Of Columbia,1999,0.050172333
District Of Columbia,2000,0.040682333
District Of Columbia,2001,0.047388444
District Of Columbia,2002,0.050452444
District Of Columbia,2003,0.041387778
District Of Columbia,2004,0.041114778
District Of Columbia,2005,0.044859667
District Of Columbia,2006,0.048480222
District Of Columbia,2007,0.050380667
District Of Columbia,2008,0.046541667
District Of Columbia,2009,0.041493889
District Of Columbia,2010,0.049616778
District Of Columbia,2011,0.045663333
District Of Columbia,2012,0.0488255
District Of Columbia,2013,0.044578222
District Of Columbia,2014,0.0450995
District Of Columbia,2015,0.045045667
District Of Columbia,2016,0.041661556
District Of Columbia,2017,0.038235333
District Of Columbia,2018,0.036343333
District Of Columbia,2019,0.042625444
Florida,1993,0.038471171
Florida,1994,0.036374906
Florida,1995,0.038712492
Florida,1996,0.038629426
Florida,1997,0.04002037
Florida,1998,0.041570856
Florida,1999,0.043841521
Florida,2000,0.045325564
Florida,2001,0.041212898
Florida,2002,0.039132486
Florida,2003,0.038632473
Florida,2004,0.041922608
Florida,2005,0.041865536
Florida,2006,0.04504025
Florida,2007,0.043130871
Florida,2008,0.038980188
Florida,2009,0.03746665
Florida,2010,0.040064568
Florida,2011,0.040382661
Florida,2012,0.037725525
Florida,2013,0.036521456
Florida,2014,0.038533294
Florida,2015,0.035944588
Florida,2016,0.037793787
Florida,2017,0.037094046
Florida,2018,0.036469701
Florida,2019,0.037042489
Florida,2020,0.038171317
Georgia,1993,0.051918179
Georgia,1994,0.045775022
Georgia,1995,0.04893949
Georgia,1996,0.049239979
Georgia,1997,0.050573817
Georgia,1998,0.056814365
Georgia,1999,0.056441957
Georgia,2000,0.052832855
Georgia,2001,0.047901913
Georgia,2002,0.046581306
Georgia,2003,0.044671116
Georgia,2004,0.046266528
Georgia,2005,0.047108064
Georgia,2006,0.051161231
Georgia,2007,0.051119333
Georgia,2008,0.047329267
Georgia,2009,0.041117091
Georgia,2010,0.047072439
Georgia,2011,0.04780654
Georgia,2012,0.044242444
Georgia,2013,0.039603048
Georgia,2014,0.041430937
Georgia,2015,0.039999444
Georgia,2016,0.044347603
Georgia,2017,0.0402417
Georgia,2018,0.039748228
Georgia,2019,0.042625298
Georgia,2020,0.030980333
Hawaii,1993,0.029462667
Hawaii,1994,0.029394556
Hawaii,1995,0.029523667
Hawaii,1996,0.019859
Hawaii,1997,0.024991667
Hawaii,1998,0.027005333
Hawaii,1999,0.025914333
Hawaii,2000,0.021534667
Hawaii,2001,0.0229
Hawaii,2002,0.023811667
Hawaii,2003,0.023801333
Hawaii,2004,0.021781333
Hawaii,2005,0.023094667
Hawaii,2006,0.018203333
Hawaii,2007,0.017317667
Hawaii,2008,0.022951667
Hawaii,2009,0.025534667
Hawaii,2010,0.025949667
Hawaii,2011,0.0283865
Hawaii,2012,0.026813
Hawaii,2013,0.029166833
Hawaii,2014,0.027041
Hawaii,2015,0.028106167
Hawaii,2016,0.02922
Hawaii,2017,0.029274333
Hawaii,2018,0.029367167
Hawaii,2019,0.0282455
Idaho,1993,0.043353667
Idaho,1994,0.051495
Idaho,1995,0.046027333
Idaho,1996,0.049582
Idaho,1997,0.046027667
Idaho,1998,0.049946
Idaho,1999,0.051703
Idaho,2000,0.050104
Idaho,2001,0.046158333
Idaho,2002,0.051565
Idaho,2003,0.049502417
Idaho,2004,0.04823325
Idaho,2005,0.04822225
Idaho,2006,0.053045667
Idaho,2007,0.051471867
Idaho,2008,0.0484582
Idaho,2009,0.048598333
Idaho,2010,0.046832778
Idaho,2011,0.048962722
Idaho,2012,0.049921556
Idaho,2013,0.0454098
Idaho,2014,0.048538444
Idaho,2015,0.047660933
Idaho,2016,0.047441733
Idaho,2017,0.04596325
Idaho,2018,0.040650833
Idaho,2019,0.0372515
Illinois,1993,0.037525381
Illinois,1994,0.042202867
Illinois,1995,0.04426823
Illinois,1996,0.041694859
Illinois,1997,0.041939094
Illinois,1998,0.04449778
Illinois,1999,0.045486027
Illinois,2000,0.04111406
Illinois,2001,0.0441154
Illinois,2002,0.04559051
Illinois,2003,0.044128262
Illinois,2004,0.040843482
Illinois,2005,0.047236259
Illinois,2006,0.041983067
Illinois,2007,0.045804548
Illinois,2008,0.041167333
Illinois,2009,0.038706114
Illinois,2010,0.043977031
Illinois,2011,0.043408939
Illinois,2012,0.047488
Illinois,2013,0.041957851
Illinois,2014,0.041747225
Illinois,2015,0.041979387
Illinois,2016,0.042857577
Illinois,2017,0.04342764
Illinois,2018,0.042618261
Illinois,2019,0.042250568
Illinois,2020,0.030984111
Indiana,1993,0.048510301
Indiana,1994,0.055030103
Indiana,1995,0.055367627
Indiana,1996,0.053332948
Indiana,1997,0.052038412
Indiana,1998,0.057349757
Indiana,1999,0.054862877
Indiana,2000,0.048508098
Indiana,2001,0.051306681
Indiana,2002,0.055252058
Indiana,2003,0.050302433
Indiana,2004,0.046831717
Indiana,2005,0.05239883
Indiana,2006,0.047249341
Indiana,2007,0.052402089
Indiana,2008,0.046459417
Indiana,2009,0.04247021
Indiana,2010,0.046548065
Indiana,2011,0.045647659
Indiana,2012,0.04929214
Indiana,2013,0.044382614
Indiana,2014,0.043502514
Indiana,2015,0.042296181
Indiana,2016,0.043927419
Indiana,2017,0.042524227
Indiana,2018,0.041615262
Indiana,2019,0.042114889
Indiana,2020,0.034472351
Iowa,1993,0.034518111
Iowa,1994,0.0335592
Iowa,1995,0.0392355
Iowa,1996,0.037033667
Iowa,1997,0.040324556
Iowa,1998,0.041180941
Iowa,1999,0.045429909
Iowa,2000,0.043440444
Iowa,2001,0.041113833
Iowa,2002,0.043345128
Iowa,2003,0.043311256
Iowa,2004,0.038971667
Iowa,2005,0.044180308
Iowa,2006,0.040597846
Iowa,2007,0.042382282
Iowa,2008,0.040126256
Iowa,2009,0.039008333
Iowa,2010,0.042291044
Iowa,2011,0.041762178
Iowa,2012,0.046629822
Iowa,2013,0.041200044
Iowa,2014,0.0398395
Iowa,2015,0.039852256
Iowa,2016,0.038991622
Iowa,2017,0.040328389
Iowa,2018,0.040043028
Iowa,2019,0.039123167
Iowa,2020,0.036607917
Kansas,1993,0.037499333
Kansas,1994,0.044745
Kansas,1995,0.042242667
Kansas,1996,0.0462085
Kansas,1997,0.050481533
Kansas,1998,0.05306
Kansas,1999,0.050030067
Kansas,2000,0.051937056
Kansas,2001,0.051053111
Kansas,2002,0.047094593
Kansas,2003,0.048912212
Kansas,2004,0.042790667
Kansas,2005,0.049893
Kansas,2006,0.050087212
Kansas,2007,0.044812818
Kansas,2008,0.044038417
Kansas,2009,0.04253303
Kansas,2010,0.046611028
Kansas,2011,0.05055132
Kansas,2012,0.051391567
Kansas,2013,0.045404867
Kansas,2014,0.045197067
Kansas,2015,0.042896727
Kansas,2016,0.042901923
Kansas,2017,0.04164963
Kansas,2018,0.042169556
Kansas,2019,0.040954741
Kentucky,1993,0.045904342
Kentucky,1994,0.050578333
Kentucky,1995,0.05176735
Kentucky,1996,0.048174683
Kentucky,1997,0.047686659
Kentucky,1998,0.053965214
Kentucky,1999,0.056192398
Kentucky,2000,0.048782215
Kentucky,2001,0.048803076
Kentucky,2002,0.048085772
Kentucky,2003,0.046675767
Kentucky,2004,0.043551167
Kentucky,2005,0.048378103
Kentucky,2006,0.045585509
Kentucky,2007,0.051273071
Kentucky,2008,0.047430904
Kentucky,2009,0.041482333
Kentucky,2010,0.048409279
Kentucky,2011,0.045982451
Kentucky,2012,0.048222052
Kentucky,2013,0.041632956
Kentucky,2014,0.042985505
Kentucky,2015,0.042264596
Kentucky,2016,0.042548911
Kentucky,2017,0.041757033
Kentucky,2018,0.040965556
Kentucky,2019,0.042853218
Louisiana,1993,0.03840223
Louisiana,1994,0.038634226
Louisiana,1995,0.041915533
Louisiana,1996,0.039356414
Louisiana,1997,0.041151874
Louisiana,1998,0.039862349
Louisiana,1999,0.043487917
Louisiana,2000,0.043678452
Louisiana,2001,0.040242905
Louisiana,2002,0.03782944
Louisiana,2003,0.040764071
Louisiana,2004,0.039956857
Louisiana,2005,0.043888701
Louisiana,2006,0.043987347
Louisiana,2007,0.041003458
Louisiana,2008,0.039527038
Louisiana,2009,0.03846891
Louisiana,2010,0.042084321
Louisiana,2011,0.041606067
Louisiana,2012,0.040802736
Louisiana,2013,0.037876486
Louisiana,2014,0.037093083
Louisiana,2015,0.037366227
Louisiana,2016,0.038477515
Louisiana,2017,0.037303792
Louisiana,2018,0.036596197
Louisiana,2019,0.036991424
Louisiana,2020,0.034563894
Maine,1993,0.038970944
Maine,1994,0.042240037
Maine,1995,0.040601
Maine,1996,0.039003074
Maine,1997,0.042904979
Maine,1998,0.044438765
Maine,1999,0.043293686
Maine,2000,0.038966111
Maine,2001,0.043252315
Maine,2002,0.043163059
Maine,2003,0.041639544
Maine,2004,0.038598768
Maine,2005,0.039118727
Maine,2006,0.038089652
Maine,2007,0.038237619
Maine,2008,0.038197286
Maine,2009,0.036283286
Maine,2010,0.03818819
Maine,2011,0.036581136
Maine,2012,0.037687175
Maine,2013,0.037381667
Maine,2014,0.036122222
Maine,2015,0.036330407
Maine,2016,0.035682063
Maine,2017,0.036296021
Maine,2018,0.037427333
Maine,2019,0.036184667
Maine,2020,0.043471733
Maryland,1993,0.054705292
Maryland,1994,0.052202229
Maryland,1995,0.055620807
Maryland,1996,0.051391965
Maryland,1997,0.053878167
Maryland,1998,0.056064083
Maryland,1999,0.054121079
Maryland,2000,0.0478736
Maryland,2001,0.053522333
Maryland,2002,0.053248906
Maryland,2003,0.046107067
Maryland,2004,0.047219754
Maryland,2005,0.049120867
Maryland,2006,0.048976683
Maryland,2007,0.051501227
Maryland,2008,0.048871302
Maryland,2009,0.043440439
Maryland,2010,0.050392485
Maryland,2011,0.047431281
Maryland,2012,0.049450817
Maryland,2013,0.0449311
Maryland,2014,0.044714883
Maryland,2015,0.046127933
Maryland,2016,0.046113508
Maryland,2017,0.044068583
Maryland,2018,0.042962433
Maryland,2019,0.0453616
Maryland,2020,0.039460961
Massachusetts,1993,0.042432255
Massachusetts,1994,0.044461275
Massachusetts,1995,0.04321202
Massachusetts,1996,0.043109196
Massachusetts,1997,0.046066937
Massachusetts,1998,0.047918104
Massachusetts,1999,0.045694118
Massachusetts,2000,0.041305422
Massachusetts,2001,0.047745644
Massachusetts,2002,0.047069882
Massachusetts,2003,0.046180462
Massachusetts,2004,0.0432268
Massachusetts,2005,0.04668475
Massachusetts,2006,0.045064188
Massachusetts,2007,0.046355729
Massachusetts,2008,0.045525813
Massachusetts,2009,0.041861118
Massachusetts,2010,0.044350529
Massachusetts,2011,0.041453569
Massachusetts,2012,0.043854588
Massachusetts,2013,0.041819157
Massachusetts,2014,0.039772737
Massachusetts,2015,0.040906333
Massachusetts,2016,0.041899067
Massachusetts,2017,0.0406
Massachusetts,2018,0.040123
Massachusetts,2019,0.04057851
Massachusetts,2020,0.029093333
Michigan,1993,0.042461583
Michigan,1994,0.047387156
Michigan,1995,0.047218271
Michigan,1996,0.046818618
Michigan,1997,0.044683742
Michigan,1998,0.051632753
Michigan,1999,0.049929365
Michigan,2000,0.043497054
Michigan,2001,0.048495376
Michigan,2002,0.049773271
Michigan,2003,0.047340626
Michigan,2004,0.043450152
Michigan,2005,0.049241
Michigan,2006,0.044730562
Michigan,2007,0.048028071
Michigan,2008,0.04514403
Michigan,2009,0.042275313
Michigan,2010,0.045155636
Michigan,2011,0.043811417
Michigan,2012,0.0491358
Michigan,2013,0.044542078
Michigan,2014,0.043429556
Michigan,2015,0.0436624
Michigan,2016,0.043899302
Michigan,2017,0.04098324
Michigan,2018,0.040809473
Michigan,2019,0.039446874
Minnesota,1993,0.033562889
Minnesota,1994,0.038915611
Minnesota,1995,0.040539167
Minnesota,1996,0.040375238
Minnesota,1997,0.038643944
Minnesota,1998,0.043672759
Minnesota,1999,0.040279714
Minnesota,2000,0.040650714
Minnesota,2001,0.039734292
Minnesota,2002,0.042146889
Minnesota,2003,0.045026513
Minnesota,2004,0.038559467
Minnesota,2005,0.043615187
Minnesota,2006,0.043678625
Minnesota,2007,0.041171958
Minnesota,2008,0.040317646
Minnesota,2009,0.039518146
Minnesota,2010,0.038905458
Minnesota,2011,0.03849575
Minnesota,2012,0.040915048
Minnesota,2013,0.038734549
Minnesota,2014,0.036673627
Minnesota,2015,0.037874294
Minnesota,2016,0.034288235
Minnesota,2017,0.03659451
Minnesota,2018,0.037343706
Minnesota,2019,0.036231882
Mississippi,1993,0.043332976
Mississippi,1994,0.043630026
Mississippi,1995,0.048093282
Mississippi,1996,0.043376846
Mississippi,1997,0.050916548
Mississippi,1998,0.053131917
Mississippi,1999,0.053186833
Mississippi,2000,0.052963282
Mississippi,2001,0.047195294
Mississippi,2002,0.043499314
Mississippi,2003,0.045411125
Mississippi,2004,0.044591863
Mississippi,2005,0.048522286
Mississippi,2006,0.049452833
Mississippi,2007,0.046116485
Mississippi,2008,0.042868545
Mississippi,2009,0.039756091
Mississippi,2010,0.044192424
Mississippi,2011,0.045120788
Mississippi,2012,0.044226767
Mississippi,2013,0.040466067
Mississippi,2014,0.040014767
Mississippi,2015,0.038505067
Mississippi,2016,0.0409935
Mississippi,2017,0.038317233
Mississippi,2018,0.0399461
Mississippi,2019,0.0399371
Mississippi,2020,0.036627259
Missouri,1993,0.041038877
Missouri,1994,0.047538877
Missouri,1995,0.0492488
Missouri,1996,0.04765205
Missouri,1997,0.046824433
Missouri,1998,0.049291394
Missouri,1999,0.050705714
Missouri,2000,0.048017587
Missouri,2001,0.048863222
Missouri,2002,0.048678603
Missouri,2003,0.04937358
Missouri,2004,0.043150683
Missouri,2005,0.051620571
Missouri,2006,0.04929786
Missouri,2007,0.050158421
Missouri,2008,0.045051188
Missouri,2009,0.042966187
Missouri,2010,0.047446373
Missouri,2011,0.04852776
Missouri,2012,0.05088542
Missouri,2013,0.044360826
Missouri,2014,0.042777957
Missouri,2015,0.04163971
Missouri,2016,0.040954659
Missouri,2017,0.04369379
Missouri,2018,0.043296871
Missouri,2019,0.042048114
Montana,1993,0.029527667
Montana,1994,0.040314
Montana,1995,0.031934
Montana,1996,0.039714667
Montana,1997,0.026469
Montana,1998,0.039234333
Montana,1999,0.035055333
Montana,2000,0.035107667
Montana,2001,0.037432833
Montana,2002,0.039263333
Montana,2003,0.044773
Montana,2004,0.035302
Montana,2005,0.040819833
Montana,2006,0.043760833
Montana,2007,0.040961333
Montana,2008,0.036363333
Montana,2009,0.040637
Montana,2010,0.039242056
Montana,2011,0.041138278
Montana,2012,0.041792625
Montana,2013,0.040670367
Montana,2014,0.038956833
Montana,2015,0.040519958
Montana,2016,0.038998625
Montana,2017,0.044042818
Montana,2018,0.043010583
Montana,2019,0.040914
Montana,2020,0.040941333
Nebraska,1993,0.030043167
Nebraska,1994,0.034082833
Nebraska,1995,0.0334275
Nebraska,1996,0.034097583
Nebraska,1997,0.033333833
Nebraska,1998,0.033885583
Nebraska,1999,0.036554917
Nebraska,2000,0.038811083
Nebraska,2001,0.03585675
Nebraska,2002,0.037777667
Nebraska,2003,0.038213417
Nebraska,2004,0.040148583
Nebraska,2005,0.041558
Nebraska,2006,0.040635722
Nebraska,2007,0.040331267
Nebraska,2008,0.039678905
Nebraska,2009,0.036649524
Nebraska,2010,0.03921719
Nebraska,2011,0.040652167
Nebraska,2012,0.046213778
Nebraska,2013,0.040497
Nebraska,2014,0.040344429
Nebraska,2015,0.040872128
Nebraska,2016,0.040405067
Nebraska,2017,0.038855733
Nebraska,2018,0.038139467
Nebraska,2019,0.037549533
Nebraska,2020,0.029523444
Nevada,1993,0.0398625
Nevada,1994,0.043520733
Nevada,1995,0.0409797
Nevada,1996,0.043945967
Nevada,1997,0.041336364
Nevada,1998,0.044815317
Nevada,1999,0.046144439
Nevada,2000,0.044700652
Nevada,2001,0.044950181
Nevada,2002,0.045773056
Nevada,2003,0.045322847
Nevada,2004,0.044478722
Nevada,2005,0.045052386
Nevada,2006,0.046800752
Nevada,2007,0.046036507
Nevada,2008,0.044782022
Nevada,2009,0.045402954
Nevada,2010,0.047444745
Nevada,2011,0.048270488
Nevada,2012,0.048939163
Nevada,2013,0.047109061
Nevada,2014,0.047379225
Nevada,2015,0.046326284
Nevada,2016,0.046248076
Nevada,2017,0.0465385
Nevada,2018,0.047419156
Nevada,2019,0.045542159
Nevada,2020,0.038188267
New Hampshire,1993,0.038457133
New Hampshire,1994,0.041523367
New Hampshire,1995,0.040122333
New Hampshire,1996,0.039713833
New Hampshire,1997,0.041039708
New Hampshire,1998,0.042389353
New Hampshire,1999,0.042102426
New Hampshire,2000,0.037893822
New Hampshire,2001,0.043888431
New Hampshire,2002,0.044518037
New Hampshire,2003,0.042954217
New Hampshire,2004,0.041395422
New Hampshire,2005,0.041914133
New Hampshire,2006,0.040617844
New Hampshire,2007,0.0412458
New Hampshire,2008,0.040790643
New Hampshire,2009,0.037756051
New Hampshire,2010,0.041882154
New Hampshire,2011,0.03942731
New Hampshire,2012,0.041659306
New Hampshire,2013,0.040219306
New Hampshire,2014,0.039470306
New Hampshire,2015,0.039713278
New Hampshire,2016,0.039185806
New Hampshire,2017,0.038838167
New Hampshire,2018,0.039102194
New Hampshire,2019,0.037661611
New Jersey,1993,0.050135745
New Jersey,1994,0.047888426
New Jersey,1995,0.049537196
New Jersey,1996,0.047515922
New Jersey,1997,0.049177176
New Jersey,1998,0.051340294
New Jersey,1999,0.051046479
New Jersey,2000,0.045602292
New Jersey,2001,0.050961549
New Jersey,2002,0.051701773
New Jersey,2003,0.045700588
New Jersey,2004,0.044914583
New Jersey,2005,0.047886708
New Jersey,2006,0.046731562
New Jersey,2007,0.048229396
New Jersey,2008,0.046758813
New Jersey,2009,0.040728146
New Jersey,2010,0.047904
New Jersey,2011,0.04386
New Jersey,2012,0.045475118
New Jersey,2013,0.042811765
New Jersey,2014,0.041987373
New Jersey,2015,0.043849014
New Jersey,2016,0.042703653
New Jersey,2017,0.040170137
New Jersey,2018,0.040097882
New Jersey,2019,0.041817216
New Mexico,1993,0.041453139
New Mexico,1994,0.043221194
New Mexico,1995,0.040344692
New Mexico,1996,0.044743188
New Mexico,1997,0.044305685
New Mexico,1998,0.046420944
New Mexico,1999,0.047296056
New Mexico,2000,0.046780383
New Mexico,2001,0.046311483
New Mexico,2002,0.047100425
New Mexico,2003,0.047531217
New Mexico,2004,0.044239788
New Mexico,2005,0.04499303
New Mexico,2006,0.045091819
New Mexico,2007,0.04580916
New Mexico,2008,0.045556185
New Mexico,2009,0.043549494
New Mexico,2010,0.044634667
New Mexico,2011,0.046723215
New Mexico,2012,0.047948346
New Mexico,2013,0.046715062
New Mexico,2014,0.044306287
New Mexico,2015,0.044488829
New Mexico,2016,0.046351697
New Mexico,2017,0.047265683
New Mexico,2018,0.04854
New Mexico,2019,0.04701381
New Mexico,2020,0.041466444
New York,1993,0.042061301
New York,1994,0.044527533
New York,1995,0.044685677
New York,1996,0.043555344
New York,1997,0.044025101
New York,1998,0.045912596
New York,1999,0.044623565
New York,2000,0.040433407
New York,2001,0.046397648
New York,2002,0.046655306
New York,2003,0.043662856
New York,2004,0.040199838
New York,2005,0.043921798
New York,2006,0.041056419
New York,2007,0.043308292
New York,2008,0.041786525
New York,2009,0.03859835
New York,2010,0.042479829
New York,2011,0.039726034
New York,2012,0.040877333
New York,2013,0.039956385
New York,2014,0.038954031
New York,2015,0.040114698
New York,2016,0.040814073
New York,2017,0.039371677
New York,2018,0.039713129
New York,2019,0.039718398
New York,2020,0.038755436
North Carolina,1993,0.056269625
North Carolina,1994,0.050080116
North Carolina,1995,0.051534145
North Carolina,1996,0.05375658
North Carolina,1997,0.055149163
North Carolina,1998,0.0571751
North Carolina,1999,0.055141801
North Carolina,2000,0.053225524
North Carolina,2001,0.053046795
North Carolina,2002,0.053037417
North Carolina,2003,0.04842454
North Carolina,2004,0.045063038
North Carolina,2005,0.04954816
North Carolina,2006,0.049750987
North Carolina,2007,0.053125647
North Carolina,2008,0.047768931
North Carolina,2009,0.041958442
North Carolina,2010,0.048837327
North Carolina,2011,0.0486232
North Carolina,2012,0.045276681
North Carolina,2013,0.040589099
North Carolina,2014,0.043474877
North Carolina,2015,0.043912667
North Carolina,2016,0.044423958
North Carolina,2017,0.042753758
North Carolina,2018,0.042699392
North Carolina,2019,0.044297456
North Carolina,2020,0.036538444
North Dakota,1993,0.036259467
North Dakota,1994,0.039872867
North Dakota,1995,0.039148933
North Dakota,1996,0.042864
North Dakota,1997,0.041901
North Dakota,1998,0.044273476
North Dakota,1999,0.0397255
North Dakota,2000,0.039970111
North Dakota,2001,0.042623889
North Dakota,2002,0.043111611
North Dakota,2003,0.0442866
North Dakota,2004,0.037189857
North Dakota,2005,0.040257286
North Dakota,2006,0.044932792
North Dakota,2007,0.0399385
North Dakota,2008,0.042555042
North Dakota,2009,0.039593458
North Dakota,2010,0.039502292
North Dakota,2011,0.03934
North Dakota,2012,0.043595833
North Dakota,2013,0.041798037
North Dakota,2014,0.039820407
North Dakota,2015,0.042511788
North Dakota,2016,0.038131697
North Dakota,2017,0.040802889
North Dakota,2018,0.041941256
North Dakota,2019,0.0393859
North Dakota,2020,0.035815852
Ohio,1993,0.046855083
Ohio,1994,0.049562333
Ohio,1995,0.050136667
Ohio,1996,0.048536277
Ohio,1997,0.04772827
Ohio,1998,0.052459725
Ohio,1999,0.051442052
Ohio,2000,0.04733775
Ohio,2001,0.050068259
Ohio,2002,0.051840563
Ohio,2003,0.047263712
Ohio,2004,0.044168994
Ohio,2005,0.049349947
Ohio,2006,0.045941199
Ohio,2007,0.050129599
Ohio,2008,0.047091567
Ohio,2009,0.042381446
Ohio,2010,0.04815892
Ohio,2011,0.044942474
Ohio,2012,0.04902551
Ohio,2013,0.042429582
Ohio,2014,0.042883033
Ohio,2015,0.043310797
Ohio,2016,0.044767586
Ohio,2017,0.042456281
Ohio,2018,0.042335282
Ohio,2019,0.043425745
Ohio,2020,0.036023754
Oklahoma,1993,0.041664238
Oklahoma,1994,0.047406167
Oklahoma,1995,0.048711125
Oklahoma,1996,0.046723167
Oklahoma,1997,0.046285636
Oklahoma,1998,0.050738924
Oklahoma,1999,0.050987929
Oklahoma,2000,0.047639778
Oklahoma,2001,0.049769569
Oklahoma,2002,0.045667683
Oklahoma,2003,0.048255424
Oklahoma,2004,0.044135058
Oklahoma,2005,0.049310857
Oklahoma,2006,0.050463292
Oklahoma,2007,0.04345458
Oklahoma,2008,0.044935507
Oklahoma,2009,0.043689074
Oklahoma,2010,0.044655083
Oklahoma,2011,0.050692038
Oklahoma,2012,0.049365813
Oklahoma,2013,0.044377627
Oklahoma,2014,0.043243773
Oklahoma,2015,0.041990972
Oklahoma,2016,0.042449074
Oklahoma,2017,0.042880481
Oklahoma,2018,0.042340427
Oklahoma,2019,0.041900635
Oklahoma,2020,0.037788289
Oregon,1993,0.032719556
Oregon,1994,0.039393222
Oregon,1995,0.037312762
Oregon,1996,0.041737476
Oregon,1997,0.036324238
Oregon,1998,0.038482857
Oregon,1999,0.036274286
Oregon,2000,0.035158238
Oregon,2001,0.036947571
Oregon,2002,0.03912025
Oregon,2003,0.040609083
Oregon,2004,0.035235208
Oregon,2005,0.035462704
Oregon,2006,0.039410958
Oregon,2007,0.036794133
Oregon,2008,0.036881091
Oregon,2009,0.039534467
Oregon,2010,0.0350752
Oregon,2011,0.0363749
Oregon,2012,0.039922233
Oregon,2013,0.036972833
Oregon,2014,0.03801997
Oregon,2015,0.041077242
Oregon,2016,0.035676273
Oregon,2017,0.039871545
Oregon,2018,0.037250056
Oregon,2019,0.034794533
Pennsylvania,1993,0.047303035
Pennsylvania,1994,0.047781542
Pennsylvania,1995,0.048951194
Pennsylvania,1996,0.046752853
Pennsylvania,1997,0.047332345
Pennsylvania,1998,0.051866173
Pennsylvania,1999,0.050066023
Pennsylvania,2000,0.044355977
Pennsylvania,2001,0.050654756
Pennsylvania,2002,0.050970354
Pennsylvania,2003,0.044905583
Pennsylvania,2004,0.043425759
Pennsylvania,2005,0.048068368
Pennsylvania,2006,0.045033667
Pennsylvania,2007,0.047667525
Pennsylvania,2008,0.045575401
Pennsylvania,2009,0.040664288
Pennsylvania,2010,0.046825113
Pennsylvania,2011,0.043482661
Pennsylvania,2012,0.046024594
Pennsylvania,2013,0.043116126
Pennsylvania,2014,0.042373994
Pennsylvania,2015,0.043875226
Pennsylvania,2016,0.043498781
Pennsylvania,2017,0.041936123
Pennsylvania,2018,0.040468547
Pennsylvania,2019,0.041882855
Pennsylvania,2020,0.034560222
Puerto Rico,1993,0.005386
Puerto Rico,1997,0.015945
Puerto Rico,1998,0.013478
Puerto Rico,1999,0.023487333
Puerto Rico,2000,0.025094
Puerto Rico,2001,0.022616
Puerto Rico,2002,0.028988667
Puerto Rico,2004,0.013043333
Puerto Rico,2005,0.014493333
Puerto Rico,2006,0.011921333
Puerto Rico,2007,0.0209395
Puerto Rico,2008,0.022832
Puerto Rico,2009,0.02174
Puerto Rico,2010,0.018556167
Puerto Rico,2011,0.0203285
Puerto Rico,2012,0.020843167
Puerto Rico,2013,0.009615167
Puerto Rico,2014,0.015162111
Puerto Rico,2015,0.017783222
Puerto Rico,2016,0.014978222
Puerto Rico,2017,0.017826222
Puerto Rico,2018,0.006181667
Puerto Rico,2019,0.009830111
Rhode Island,1993,0.040521167
Rhode Island,1994,0.045695778
Rhode Island,1995,0.044007778
Rhode Island,1996,0.040931
Rhode Island,1997,0.045351083
Rhode Island,1998,0.047461
Rhode Island,1999,0.045407556
Rhode Island,2000,0.044168333
Rhode Island,2001,0.051835333
Rhode Island,2002,0.051501889
Rhode Island,2003,0.048037
Rhode Island,2004,0.045683889
Rhode Island,2005,0.047252333
Rhode Island,2006,0.045430778
Rhode Island,2007,0.047905556
Rhode Island,2008,0.046701111
Rhode Island,2009,0.042082
Rhode Island,2010,0.046534333
Rhode Island,2011,0.045368556
Rhode Island,2012,0.046755
Rhode Island,2013,0.045259222
Rhode Island,2014,0.043455111
Rhode Island,2015,0.045234556
Rhode Island,2016,0.043523481
Rhode Island,2017,0.040969111
Rhode Island,2018,0.042435111
Rhode Island,2019,0.044001667
Rhode Island,2020,0.033581667
South Carolina,1993,0.052578742
South Carolina,1994,0.045344206
South Carolina,1995,0.04676373
South Carolina,1996,0.048270864
South Carolina,1997,0.050420121
South Carolina,1998,0.055249254
South Carolina,1999,0.052915439
South Carolina,2000,0.05289475
South Carolina,2001,0.05047197
South Carolina,2002,0.049802333
South Carolina,2003,0.04463547
South Carolina,2004,0.044714319
South Carolina,2005,0.046918444
South Carolina,2006,0.048839095
South Carolina,2007,0.049995106
South Carolina,2008,0.047267072
South Carolina,2009,0.040144467
South Carolina,2010,0.046102143
South Carolina,2011,0.046663742
South Carolina,2012,0.042021029
South Carolina,2013,0.03742329
South Carolina,2014,0.040436079
South Carolina,2015,0.040263651
South Carolina,2016,0.042312639
South Carolina,2017,0.04019486
South Carolina,2018,0.039689947
South Carolina,2019,0.044866389
South Carolina,2020,0.0372966
South Dakota,1999,0.039614667
South Dakota,2000,0.042568333
South Dakota,2001,0.048338
South Dakota,2002,0.048263
South Dakota,2003,0.048788556
South Dakota,2004,0.045273
South Dakota,2005,0.049207583
South Dakota,2006,0.049146083
South Dakota,2007,0.044318417
South Dakota,2008,0.043792733
South Dakota,2009,0.040559556
South Dakota,2010,0.041556944
South Dakota,2011,0.042026722
South Dakota,2012,0.051179444
South Dakota,2013,0.046059833
South Dakota,2014,0.040149111
South Dakota,2015,0.04429375
South Dakota,2016,0.042856083
South Dakota,2017,0.040755889
South Dakota,2018,0.040821444
South Dakota,2019,0.0423655
Tennessee,1993,0.051340759
Tennessee,1994,0.050816946
Tennessee,1995,0.053507293
Tennessee,1996,0.053540156
Tennessee,1997,0.05468172
Tennessee,1998,0.058800414
Tennessee,1999,0.058315075
Tennessee,2000,0.053993105
Tennessee,2001,0.051521172
Tennessee,2002,0.050888189
Tennessee,2003,0.0485866
Tennessee,2004,0.046832724
Tennessee,2005,0.05090392
Tennessee,2006,0.050203956
Tennessee,2007,0.055503892
Tennessee,2008,0.049195595
Tennessee,2009,0.042430926
Tennessee,2010,0.04946814
Tennessee,2011,0.048361333
Tennessee,2012,0.048441467
Tennessee,2013,0.042650514
Tennessee,2014,0.043175947
Tennessee,2015,0.042307173
Tennessee,2016,0.045750101
Tennessee,2017,0.04310387
Tennessee,2018,0.042504449
Tennessee,2019,0.043939507
Tennessee,2020,0.035911583
Texas,1993,0.038363265
Texas,1994,0.041886197
Texas,1995,0.046203058
Texas,1996,0.040429007
Texas,1997,0.041780133
Texas,1998,0.043165
Texas,1999,0.04408778
Texas,2000,0.042998272
Texas,2001,0.041831419
Texas,2002,0.041228392
Texas,2003,0.043459489
Texas,2004,0.041161676
Texas,2005,0.044890863
Texas,2006,0.043639468
Texas,2007,0.03994563
Texas,2008,0.040206049
Texas,2009,0.03985984
Texas,2010,0.040679871
Texas,2011,0.044293962
Texas,2012,0.041530895
Texas,2013,0.040636835
Texas,2014,0.038483779
Texas,2015,0.038828336
Texas,2016,0.038765969
Texas,2017,0.039280401
Texas,2018,0.037963128
Texas,2019,0.039470382
Texas,2020,0.03197959
Utah,1993,0.050635
Utah,1994,0.056510417
Utah,1995,0.052752182
Utah,1996,0.057954424
Utah,1997,0.0515175
Utah,1998,0.056792444
Utah,1999,0.055722923
Utah,2000,0.055951135
Utah,2001,0.056512844
Utah,2002,0.05692247
Utah,2003,0.057395894
Utah,2004,0.053151417
Utah,2005,0.055537425
Utah,2006,0.05790098
Utah,2007,0.057489906
Utah,2008,0.053999553
Utah,2009,0.052344105
Utah,2010,0.053462517
Utah,2011,0.0538595
Utah,2012,0.057066118
Utah,2013,0.053415277
Utah,2014,0.052105748
Utah,2015,0.052428619
Utah,2016,0.051122467
Utah,2017,0.047145782
Utah,2018,0.048056853
Utah,2019,0.043867796
Utah,2020,0.039802485
Vermont,1993,0.044996833
Vermont,1994,0.046124167
Vermont,1995,0.044428333
Vermont,1996,0.043802833
Vermont,1997,0.045639333
Vermont,1998,0.047435833
Vermont,1999,0.048985
Vermont,2000,0.039448333
Vermont,2001,0.044821167
Vermont,2002,0.047237667
Vermont,2003,0.042928667
Vermont,2004,0.040391167
Vermont,2005,0.044042333
Vermont,2006,0.039965333
Vermont,2007,0.042145333
Vermont,2008,0.041204333
Vermont,2009,0.038233167
Vermont,2010,0.041384833
Vermont,2011,0.037973667
Vermont,2012,0.0424655
Vermont,2013,0.039804833
Vermont,2014,0.039482833
Vermont,2015,0.040898333
Vermont,2016,0.039135222
Vermont,2017,0.037544778
Vermont,2018,0.038389667
Vermont,2019,0.037407222
Virgin Islands,1998,0.023673667
Virgin Islands,1999,0.024596333
Virgin Islands,2000,0.027299
Virgin Islands,2001,0.021793667
Virgin Islands,2002,0.027088333
Virgin Islands,2003,0.026754333
Virginia,1993,0.053899083
Virginia,1994,0.051219298
Virginia,1995,0.051335949
Virginia,1996,0.048406859
Virginia,1997,0.052637487
Virginia,1998,0.05610558
Virginia,1999,0.053955368
Virginia,2000,0.047720905
Virginia,2001,0.05169575
Virginia,2002,0.052226931
Virginia,2003,0.046160701
Virginia,2004,0.044935207
Virginia,2005,0.048160046
Virginia,2006,0.048385517
Virginia,2007,0.0512536
Virginia,2008,0.047375667
Virginia,2009,0.041601086
Virginia,2010,0.049195024
Virginia,2011,0.045895773
Virginia,2012,0.046047744
Virginia,2013,0.04112476
Virginia,2014,0.04261775
Virginia,2015,0.042844821
Virginia,2016,0.041768275
Virginia,2017,0.041717696
Virginia,2018,0.03994187
Virginia,2019,0.042702609
Washington,1993,0.031968033
Washington,1994,0.0362472
Washington,1995,0.034492818
Washington,1996,0.035049356
Washington,1997,0.032667444
Washington,1998,0.034652476
Washington,1999,0.034880417
Washington,2000,0.0345475
Washington,2001,0.035645521
Washington,2002,0.036705907
Washington,2003,0.041617963
Washington,2004,0.035904907
Washington,2005,0.03414249
Washington,2006,0.03781575
Washington,2007,0.034376489
Washington,2008,0.03347381
Washington,2009,0.036067286
Washington,2010,0.031346275
Washington,2011,0.033449667
Washington,2012,0.036385933
Washington,2013,0.033343533
Washington,2014,0.035509571
Washington,2015,0.039846314
Washington,2016,0.034810476
Washington,2017,0.038851
Washington,2018,0.03713119
Washington,2019,0.034361538
Washington,2020,0.034299833
West Virginia,1993,0.047168733
West Virginia,1994,0.050070733
West Virginia,1995,0.0505077
West Virginia,1996,0.048153967
West Virginia,1997,0.048503633
West Virginia,1998,0.0536168
West Virginia,1999,0.054610767
West Virginia,2000,0.047290364
West Virginia,2001,0.050204639
West Virginia,2002,0.04950875
West Virginia,2003,0.045388417
West Virginia,2004,0.04169075
West Virginia,2005,0.046392889
West Virginia,2006,0.045830444
West Virginia,2007,0.050597944
West Virginia,2008,0.045035778
West Virginia,2009,0.04033175
West Virginia,2010,0.047129806
West Virginia,2011,0.044754917
West Virginia,2012,0.047433933
West Virginia,2013,0.041653433
West Virginia,2014,0.042125233
West Virginia,2015,0.0428267
West Virginia,2016,0.042416933
West Virginia,2017,0.040467967
West Virginia,2018,0.039150267
West Virginia,2019,0.041763485
West Virginia,2020,0.036049056
Wisconsin,1993,0.03936959
Wisconsin,1994,0.042077588
Wisconsin,1995,0.046080538
Wisconsin,1996,0.043717017
Wisconsin,1997,0.044109366
Wisconsin,1998,0.048360897
Wisconsin,1999,0.047101783
Wisconsin,2000,0.043558975
Wisconsin,2001,0.046517077
Wisconsin,2002,0.046929282
Wisconsin,2003,0.046846867
Wisconsin,2004,0.040912901
Wisconsin,2005,0.046415713
Wisconsin,2006,0.042777696
Wisconsin,2007,0.044587824
Wisconsin,2008,0.041611676
Wisconsin,2009,0.0388462
Wisconsin,2010,0.041461412
Wisconsin,2011,0.041296211
Wisconsin,2012,0.045718954
Wisconsin,2013,0.042344892
Wisconsin,2014,0.040777867
Wisconsin,2015,0.041384581
Wisconsin,2016,0.040692484
Wisconsin,2017,0.041132806
Wisconsin,2018,0.042113742
Wisconsin,2019,0.038784247
Wyoming,1993,0.048961333
Wyoming,1994,0.054172667
Wyoming,1995,0.0511874
Wyoming,1996,0.052882167
Wyoming,1997,0.0521266
Wyoming,1998,0.054340533
Wyoming,1999,0.055129267
Wyoming,2000,0.0547158
Wyoming,2001,0.054328
Wyoming,2002,0.054312
Wyoming,2003,0.054977048
Wyoming,2004,0.049142333
Wyoming,2005,0.0507148
Wyoming,2006,0.051579848
Wyoming,2007,0.0509776
Wyoming,2008,0.051094625
Wyoming,2009,0.047243857
Wyoming,2010,0.050258391
Wyoming,2011,0.049739948
Wyoming,2012,0.051209763
Wyoming,2013,0.048341215
Wyoming,2014,0.046814253
Wyoming,2015,0.047057699
Wyoming,2016,0.045845524
Wyoming,2017,0.047979172
Wyoming,2018,0.046784355
Wyoming,2019,0.047375722
Wyoming,2020,0.04518025